{
    "boosting_type": "gbdt",
    "n_estimators": 1047,
    "learning_rate": 0.016376454367987354,
    "max_depth": 4,
    "num_leaves": 148,
    "lambda_l1": 1.4566281753492856,
    "lambda_l2": 8.263098093142505,
    "min_child_samples": 60,
    "feature_fraction": 0.9944724567566514,
    "bagging_fraction": 0.9870441007763479,
    "bagging_freq": 3,
    "min_split_gain": 0.6670196590772779,
    "objective": "multiclass",
    "num_class": 11,
    "metric": "multi_logloss",
    "verbosity": -1,
    "random_state": 42,
    "device": "gpu",
    "gpu_platform_id": 0,
    "gpu_device_id": 0
}