{
    "booster": "gbtree",
    "n_estimators": 1313,
    "learning_rate": 0.002028590357474322,
    "max_depth": 5,
    "gamma": 0.005245443759496216,
    "min_child_weight": 1,
    "subsample": 0.7680169996946606,
    "colsample_bytree": 0.8782557665272464,
    "reg_alpha": 1.3780344159072646,
    "reg_lambda": 4.25782499761471e-05,
    "objective": "multi:softprob",
    "num_class": 11,
    "random_state": 30
}