{
    "boosting_type": "dart",
    "n_estimators": 668,
    "learning_rate": 0.01083850353987417,
    "max_depth": 2,
    "num_leaves": 178,
    "lambda_l1": 3.372305056686988e-05,
    "lambda_l2": 4.2942919060017713e-07,
    "min_child_samples": 5,
    "feature_fraction": 0.9430936965239558,
    "bagging_fraction": 0.4176576885960583,
    "bagging_freq": 4,
    "min_split_gain": 0.29553509679095,
    "objective": "multiclass",
    "num_class": 11,
    "metric": "multi_logloss",
    "verbosity": -1,
    "random_state": 42
}