{
    "iterations": 600,
    "depth": 4,
    "learning_rate": 0.033536278992533496,
    "l2_leaf_reg": 10.54289763756753,
    "random_strength": 1.7626012033557221,
    "bagging_temperature": 0.3410832313999649
}